source,snapshot_path,url,params,sha256,bytes,http_status,retrieved_at
adb_iati,data/raw/adb_iati/iati-activities-np_20260603T162215Z.xml,https://www.adb.org/iati/iati-activities-np.xml,,0a77ed6d0d25499608dec8c4e68a4a77665ea995b6811b6a7dff90c87aa69798,7260027,200,2026-06-03T16:22:15Z
aiddata_gcdf,data/raw/aiddata_gcdf/AidDatas_GCDF_v3.0_20260603T162437Z.zip,https://docs.aiddata.org/ad4/datasets/AidDatas_Global_Chinese_Development_Finance_Dataset_Version_3_0.zip,all_recipients; will filter to NPL,290da2887a6984beaa6d269d2171798951e0644cae579497dafb8bd78646e097,28561122,200,2026-06-03T16:24:37Z
aiddata_gcdf,data/raw/aiddata_gcdf/AidDatasGlobalChineseDevelopmentFinanceDataset_v3.0_20260603T162437Z.xlsx,https://docs.aiddata.org/ad4/datasets/AidDatas_Global_Chinese_Development_Finance_Dataset_Version_3_0.zip,extracted from ZIP,52239cc315e65041864fa08c3b95109d821fa3d6c2cfe1aea0198f6ccefd4c38,26428152,200,2026-06-03T16:24:37Z
iati_dportal,data/raw/iati_dportal/page_0000_offset0_20260603T162359Z.json,http://d-portal.org/q?from=act&country_code=NP&form=json&limit=500&offset=0,"{'from': 'act', 'country_code': 'NP', 'form': 'json', 'limit': '500', 'offset': '0'}",33082b97fba21118f0f15df512f54bc16cd3eea2f748b89db2d3f46b6d15abdd,445632,200,2026-06-03T16:23:59Z
iati_dportal,data/raw/iati_dportal/page_0001_offset500_20260603T162400Z.json,http://d-portal.org/q?from=act&country_code=NP&form=json&limit=500&offset=500,"{'from': 'act', 'country_code': 'NP', 'form': 'json', 'limit': '500', 'offset': '500'}",8882347b771a354cf36046212aa6a4886e7fd7ed7737de0b215aa804422efd25,445636,200,2026-06-03T16:24:00Z
iati_dportal,data/raw/iati_dportal/page_0002_offset1000_20260603T162401Z.json,http://d-portal.org/q?from=act&country_code=NP&form=json&limit=500&offset=1000,"{'from': 'act', 'country_code': 'NP', 'form': 'json', 'limit': '500', 'offset': '1000'}",b693f354cc86f35f9b3838983c2abf5b2efd274a304144eb8c6ed35db412330a,375505,200,2026-06-03T16:24:01Z
iati_dportal,data/raw/iati_dportal/page_0003_offset1500_20260603T162401Z.json,http://d-portal.org/q?from=act&country_code=NP&form=json&limit=500&offset=1500,"{'from': 'act', 'country_code': 'NP', 'form': 'json', 'limit': '500', 'offset': '1500'}",2fa77457b7b041da4036414616f515ca9f3773d326bd10987429bbcd85596078,506986,200,2026-06-03T16:24:01Z
iati_dportal,data/raw/iati_dportal/page_0004_offset2000_20260603T162402Z.json,http://d-portal.org/q?from=act&country_code=NP&form=json&limit=500&offset=2000,"{'from': 'act', 'country_code': 'NP', 'form': 'json', 'limit': '500', 'offset': '2000'}",34aca207a2ff2a61926ed1ca6b9792fea76d01ebf064a8ac13790554a1cb2886,589363,200,2026-06-03T16:24:02Z
iati_dportal,data/raw/iati_dportal/page_0005_offset2500_20260603T162403Z.json,http://d-portal.org/q?from=act&country_code=NP&form=json&limit=500&offset=2500,"{'from': 'act', 'country_code': 'NP', 'form': 'json', 'limit': '500', 'offset': '2500'}",0a6c2da83947959b3bdb4aa2b0deab77b3a1dfd8e30d032885db9e3875278fbb,352107,200,2026-06-03T16:24:03Z
iati_dportal,data/raw/iati_dportal/page_0006_offset3000_20260603T162404Z.json,http://d-portal.org/q?from=act&country_code=NP&form=json&limit=500&offset=3000,"{'from': 'act', 'country_code': 'NP', 'form': 'json', 'limit': '500', 'offset': '3000'}",406b092feaa29131db00de85a49deea87539043d8d44bf2eb2c1fb88b1a6f4e7,471810,200,2026-06-03T16:24:04Z
iati_dportal,data/raw/iati_dportal/page_0007_offset3500_20260603T162404Z.json,http://d-portal.org/q?from=act&country_code=NP&form=json&limit=500&offset=3500,"{'from': 'act', 'country_code': 'NP', 'form': 'json', 'limit': '500', 'offset': '3500'}",b9d4e8fce4ecbc8db22930e346792a13e98c7bd624aff9f268e913ca240ba53e,489110,200,2026-06-03T16:24:04Z
iati_dportal,data/raw/iati_dportal/page_0008_offset4000_20260603T162405Z.json,http://d-portal.org/q?from=act&country_code=NP&form=json&limit=500&offset=4000,"{'from': 'act', 'country_code': 'NP', 'form': 'json', 'limit': '500', 'offset': '4000'}",169faf4055b320af3d19fcb284968e7ba05dbe68b3f9db093db4eb16f9cf753d,433274,200,2026-06-03T16:24:05Z
iati_dportal,data/raw/iati_dportal/page_0009_offset4500_20260603T162406Z.json,http://d-portal.org/q?from=act&country_code=NP&form=json&limit=500&offset=4500,"{'from': 'act', 'country_code': 'NP', 'form': 'json', 'limit': '500', 'offset': '4500'}",e3860434205a316201758869f164c964ffba69fc9336c430674a58fa3317b25b,593820,200,2026-06-03T16:24:06Z
iati_dportal,data/raw/iati_dportal/page_0010_offset5000_20260603T162407Z.json,http://d-portal.org/q?from=act&country_code=NP&form=json&limit=500&offset=5000,"{'from': 'act', 'country_code': 'NP', 'form': 'json', 'limit': '500', 'offset': '5000'}",46d00adbf271d38dee63d04ce493e8bd158619cd20e04a96d6cb6d3c3faa609e,475303,200,2026-06-03T16:24:07Z
iati_dportal,data/raw/iati_dportal/page_0011_offset5500_20260603T162408Z.json,http://d-portal.org/q?from=act&country_code=NP&form=json&limit=500&offset=5500,"{'from': 'act', 'country_code': 'NP', 'form': 'json', 'limit': '500', 'offset': '5500'}",07edb0a175fcf0d8edaae417e55103bf9e5fa6935efc445680cbf245de184da2,509101,200,2026-06-03T16:24:08Z
iati_dportal,data/raw/iati_dportal/page_0012_offset6000_20260603T162408Z.json,http://d-portal.org/q?from=act&country_code=NP&form=json&limit=500&offset=6000,"{'from': 'act', 'country_code': 'NP', 'form': 'json', 'limit': '500', 'offset': '6000'}",7cb7a100c63994a00e22e89e0dca88852ec8244d72b6522e2b74c9752eb78c8c,447358,200,2026-06-03T16:24:08Z
iati_dportal,data/raw/iati_dportal/page_0013_offset6500_20260603T162409Z.json,http://d-portal.org/q?from=act&country_code=NP&form=json&limit=500&offset=6500,"{'from': 'act', 'country_code': 'NP', 'form': 'json', 'limit': '500', 'offset': '6500'}",d192806abdcaabe2882b5392867e18d5534ffd7b546f9db533802ad02c58ad2d,556713,200,2026-06-03T16:24:09Z
iati_dportal,data/raw/iati_dportal/page_0014_offset7000_20260603T162410Z.json,http://d-portal.org/q?from=act&country_code=NP&form=json&limit=500&offset=7000,"{'from': 'act', 'country_code': 'NP', 'form': 'json', 'limit': '500', 'offset': '7000'}",e12f73745ee164994e7ad199fa52bdb73b4a59abe2d9cd9cf896832a9f9f27b4,603288,200,2026-06-03T16:24:10Z
iati_dportal,data/raw/iati_dportal/page_0015_offset7500_20260603T162411Z.json,http://d-portal.org/q?from=act&country_code=NP&form=json&limit=500&offset=7500,"{'from': 'act', 'country_code': 'NP', 'form': 'json', 'limit': '500', 'offset': '7500'}",f81193957a375108121de3f2ac3acb7c9fc178187e49b26a4a7c23ae1e0d6a63,488897,200,2026-06-03T16:24:11Z
iati_dportal,data/raw/iati_dportal/page_0016_offset8000_20260603T162412Z.json,http://d-portal.org/q?from=act&country_code=NP&form=json&limit=500&offset=8000,"{'from': 'act', 'country_code': 'NP', 'form': 'json', 'limit': '500', 'offset': '8000'}",385c18061665dd1a7e10da7725765e0a2e783ec27106f7d8208cf2d4b4487b9f,390611,200,2026-06-03T16:24:12Z
iati_dportal,data/raw/iati_dportal/page_0017_offset8500_20260603T162412Z.json,http://d-portal.org/q?from=act&country_code=NP&form=json&limit=500&offset=8500,"{'from': 'act', 'country_code': 'NP', 'form': 'json', 'limit': '500', 'offset': '8500'}",2bee5be81db8aba3ffbe2112581c3c8a3e5ba87c0cd032867d79b8ac8d41c734,462269,200,2026-06-03T16:24:12Z
iati_dportal,data/raw/iati_dportal/page_0018_offset9000_20260603T162413Z.json,http://d-portal.org/q?from=act&country_code=NP&form=json&limit=500&offset=9000,"{'from': 'act', 'country_code': 'NP', 'form': 'json', 'limit': '500', 'offset': '9000'}",d09a8045697356cf5a63ea2c3442e87acb78b3f2b576ac982b412df06c395bd7,495738,200,2026-06-03T16:24:13Z
iati_dportal,data/raw/iati_dportal/page_0019_offset9500_20260603T162414Z.json,http://d-portal.org/q?from=act&country_code=NP&form=json&limit=500&offset=9500,"{'from': 'act', 'country_code': 'NP', 'form': 'json', 'limit': '500', 'offset': '9500'}",487cfd68a3ec721dffd515fd2b38ffc4aee1d0772b82794fb7e02f2c2d2116b2,588231,200,2026-06-03T16:24:14Z
iati_dportal,data/raw/iati_dportal/page_0020_offset10000_20260603T162415Z.json,http://d-portal.org/q?from=act&country_code=NP&form=json&limit=500&offset=10000,"{'from': 'act', 'country_code': 'NP', 'form': 'json', 'limit': '500', 'offset': '10000'}",357d44eafde21dab3c76779f7db654f755e593a9e53b0e54f2805c13110e884b,519464,200,2026-06-03T16:24:15Z
iati_dportal,data/raw/iati_dportal/page_0021_offset10500_20260603T162415Z.json,http://d-portal.org/q?from=act&country_code=NP&form=json&limit=500&offset=10500,"{'from': 'act', 'country_code': 'NP', 'form': 'json', 'limit': '500', 'offset': '10500'}",8811799d596669404b031c7183d7588ce5fcbc77c15563bbdaef9d8f349e3db9,378078,200,2026-06-03T16:24:15Z
iati_dportal,data/raw/iati_dportal/page_0022_offset11000_20260603T162416Z.json,http://d-portal.org/q?from=act&country_code=NP&form=json&limit=500&offset=11000,"{'from': 'act', 'country_code': 'NP', 'form': 'json', 'limit': '500', 'offset': '11000'}",fa44e8c7dbdeaaa8d0be294253c991eacf588683d3d0d6ef645f0e3617722cfc,530465,200,2026-06-03T16:24:16Z
iati_dportal,data/raw/iati_dportal/page_0023_offset11500_20260603T162417Z.json,http://d-portal.org/q?from=act&country_code=NP&form=json&limit=500&offset=11500,"{'from': 'act', 'country_code': 'NP', 'form': 'json', 'limit': '500', 'offset': '11500'}",004962ace19c241952b296751cd9f1b21edebc4715526c515e99c54bde0367d7,432372,200,2026-06-03T16:24:17Z
iati_dportal,data/raw/iati_dportal/all_activities_merged_20260603T162417Z.json,http://d-portal.org/q?from=act&country_code=NP,total=11982,ba77e0ad35888cef5de0bf457698c87c10979b02f8c759ff160153cd9d13970f,12032924,200,2026-06-03T16:24:17Z
iati_dportal,data/raw/iati_dportal/page_0000_offset0_20260603T162443Z.json,http://d-portal.org/q?from=act&country_code=NP&form=json&limit=500&offset=0,"{'from': 'act', 'country_code': 'NP', 'form': 'json', 'limit': '500', 'offset': '0'}",3bfcffb562c53ad858e6e41ed605c8bd123ae4885b910fe74f1782521e596a65,445632,200,2026-06-03T16:24:43Z
iati_dportal,data/raw/iati_dportal/page_0001_offset500_20260603T162444Z.json,http://d-portal.org/q?from=act&country_code=NP&form=json&limit=500&offset=500,"{'from': 'act', 'country_code': 'NP', 'form': 'json', 'limit': '500', 'offset': '500'}",8882347b771a354cf36046212aa6a4886e7fd7ed7737de0b215aa804422efd25,445636,200,2026-06-03T16:24:44Z
iati_dportal,data/raw/iati_dportal/page_0002_offset1000_20260603T162445Z.json,http://d-portal.org/q?from=act&country_code=NP&form=json&limit=500&offset=1000,"{'from': 'act', 'country_code': 'NP', 'form': 'json', 'limit': '500', 'offset': '1000'}",ee231403f9c87164ccb4d78f4df842e7b3d64e0ea5239ef81d5d155ee7220b0a,375505,200,2026-06-03T16:24:45Z
iati_dportal,data/raw/iati_dportal/page_0003_offset1500_20260603T162446Z.json,http://d-portal.org/q?from=act&country_code=NP&form=json&limit=500&offset=1500,"{'from': 'act', 'country_code': 'NP', 'form': 'json', 'limit': '500', 'offset': '1500'}",c55ee940afbc9d8e1ce19086594b4e5302e6568889c97f70d885ac22253a2b92,506986,200,2026-06-03T16:24:46Z
iati_dportal,data/raw/iati_dportal/page_0004_offset2000_20260603T162447Z.json,http://d-portal.org/q?from=act&country_code=NP&form=json&limit=500&offset=2000,"{'from': 'act', 'country_code': 'NP', 'form': 'json', 'limit': '500', 'offset': '2000'}",fbf17b1a11fb728f1e6eb8c39de2e170685fc35078f69f36eaec4600336ff81f,589364,200,2026-06-03T16:24:47Z
iati_dportal,data/raw/iati_dportal/page_0005_offset2500_20260603T162448Z.json,http://d-portal.org/q?from=act&country_code=NP&form=json&limit=500&offset=2500,"{'from': 'act', 'country_code': 'NP', 'form': 'json', 'limit': '500', 'offset': '2500'}",f4b2cfc208fe35334fa504a76b8be2955aa5c284172cd823641ea2ea299597f6,352108,200,2026-06-03T16:24:48Z
iati_dportal,data/raw/iati_dportal/page_0006_offset3000_20260603T162449Z.json,http://d-portal.org/q?from=act&country_code=NP&form=json&limit=500&offset=3000,"{'from': 'act', 'country_code': 'NP', 'form': 'json', 'limit': '500', 'offset': '3000'}",89413593a25682aa38dfa44757308cba4b424ffdcf5d7bfb0922505bd2959d78,471810,200,2026-06-03T16:24:49Z
iati_dportal,data/raw/iati_dportal/page_0007_offset3500_20260603T162450Z.json,http://d-portal.org/q?from=act&country_code=NP&form=json&limit=500&offset=3500,"{'from': 'act', 'country_code': 'NP', 'form': 'json', 'limit': '500', 'offset': '3500'}",c2a9d38147e47af7a0c200b4d00871c8239ff342eeae7909c8ddac5b5823c416,489110,200,2026-06-03T16:24:50Z
iati_dportal,data/raw/iati_dportal/page_0008_offset4000_20260603T162450Z.json,http://d-portal.org/q?from=act&country_code=NP&form=json&limit=500&offset=4000,"{'from': 'act', 'country_code': 'NP', 'form': 'json', 'limit': '500', 'offset': '4000'}",2bbc87ac4e3e2324508afab965e5b9f22e7856843df3b011556725dc99213bda,433273,200,2026-06-03T16:24:50Z
iati_dportal,data/raw/iati_dportal/page_0009_offset4500_20260603T162451Z.json,http://d-portal.org/q?from=act&country_code=NP&form=json&limit=500&offset=4500,"{'from': 'act', 'country_code': 'NP', 'form': 'json', 'limit': '500', 'offset': '4500'}",f889ee10236e49a3687c9e7ecdb702c8f641d7cf5820df3ca754defce1f043e3,593820,200,2026-06-03T16:24:51Z
iati_dportal,data/raw/iati_dportal/page_0010_offset5000_20260603T162452Z.json,http://d-portal.org/q?from=act&country_code=NP&form=json&limit=500&offset=5000,"{'from': 'act', 'country_code': 'NP', 'form': 'json', 'limit': '500', 'offset': '5000'}",ad1ad298b43491c77d2ab21692525aca48adf3eae78e5d87521d48675b3f5ca7,475303,200,2026-06-03T16:24:52Z
iati_dportal,data/raw/iati_dportal/page_0011_offset5500_20260603T162453Z.json,http://d-portal.org/q?from=act&country_code=NP&form=json&limit=500&offset=5500,"{'from': 'act', 'country_code': 'NP', 'form': 'json', 'limit': '500', 'offset': '5500'}",6e74326fe14e29d67365275e6511e385f49c34ba9e0dba5a3cba182a7c45573f,509101,200,2026-06-03T16:24:53Z
iati_dportal,data/raw/iati_dportal/page_0012_offset6000_20260603T162454Z.json,http://d-portal.org/q?from=act&country_code=NP&form=json&limit=500&offset=6000,"{'from': 'act', 'country_code': 'NP', 'form': 'json', 'limit': '500', 'offset': '6000'}",59b366751fb17e651e16b20816b051e91fac47c7af18b9d4f5e5da791f19570d,447358,200,2026-06-03T16:24:54Z
iati_dportal,data/raw/iati_dportal/page_0013_offset6500_20260603T162455Z.json,http://d-portal.org/q?from=act&country_code=NP&form=json&limit=500&offset=6500,"{'from': 'act', 'country_code': 'NP', 'form': 'json', 'limit': '500', 'offset': '6500'}",4dcdf08996f7d25c5b324123639089a65d59d950855cbe10dedcdf092b719f26,556713,200,2026-06-03T16:24:55Z
iati_dportal,data/raw/iati_dportal/page_0014_offset7000_20260603T162455Z.json,http://d-portal.org/q?from=act&country_code=NP&form=json&limit=500&offset=7000,"{'from': 'act', 'country_code': 'NP', 'form': 'json', 'limit': '500', 'offset': '7000'}",ba97f8565c6956a0f8f2385739f0cb35e5a44df2d8311571ad14b4a8f79d4eb9,603288,200,2026-06-03T16:24:55Z
iati_dportal,data/raw/iati_dportal/page_0015_offset7500_20260603T162456Z.json,http://d-portal.org/q?from=act&country_code=NP&form=json&limit=500&offset=7500,"{'from': 'act', 'country_code': 'NP', 'form': 'json', 'limit': '500', 'offset': '7500'}",7f1e387f1b3fbbe7c6ef89de8785bd8b5a6ef3beee063a2972aa8504f26b1d70,488897,200,2026-06-03T16:24:56Z
iati_dportal,data/raw/iati_dportal/page_0016_offset8000_20260603T162457Z.json,http://d-portal.org/q?from=act&country_code=NP&form=json&limit=500&offset=8000,"{'from': 'act', 'country_code': 'NP', 'form': 'json', 'limit': '500', 'offset': '8000'}",e43fd18caf354de061ab0fa839961a96878ae470a985a258dbf749bcbc87871e,390611,200,2026-06-03T16:24:57Z
iati_dportal,data/raw/iati_dportal/page_0017_offset8500_20260603T162458Z.json,http://d-portal.org/q?from=act&country_code=NP&form=json&limit=500&offset=8500,"{'from': 'act', 'country_code': 'NP', 'form': 'json', 'limit': '500', 'offset': '8500'}",4a5ac486715490e20459eab309df2de6e6cb04bf9490d69e6f3546e110deffb9,462269,200,2026-06-03T16:24:58Z
iati_dportal,data/raw/iati_dportal/page_0018_offset9000_20260603T162459Z.json,http://d-portal.org/q?from=act&country_code=NP&form=json&limit=500&offset=9000,"{'from': 'act', 'country_code': 'NP', 'form': 'json', 'limit': '500', 'offset': '9000'}",d13e79de8e54dce7838fff37e7167b30534fd7755ddba7d8ac3a04e688b047b7,495738,200,2026-06-03T16:24:59Z
iati_dportal,data/raw/iati_dportal/page_0019_offset9500_20260603T162500Z.json,http://d-portal.org/q?from=act&country_code=NP&form=json&limit=500&offset=9500,"{'from': 'act', 'country_code': 'NP', 'form': 'json', 'limit': '500', 'offset': '9500'}",ab1f61d8065f2104347abc3c9ba5f7344e639a07b4b6abc8359069ee81440856,588232,200,2026-06-03T16:25:00Z
iati_dportal,data/raw/iati_dportal/page_0020_offset10000_20260603T162500Z.json,http://d-portal.org/q?from=act&country_code=NP&form=json&limit=500&offset=10000,"{'from': 'act', 'country_code': 'NP', 'form': 'json', 'limit': '500', 'offset': '10000'}",f1abccad0c996884a6983a9de8caa3c7b66f548efd0947218b493c108be5deab,519464,200,2026-06-03T16:25:00Z
iati_dportal,data/raw/iati_dportal/page_0021_offset10500_20260603T162501Z.json,http://d-portal.org/q?from=act&country_code=NP&form=json&limit=500&offset=10500,"{'from': 'act', 'country_code': 'NP', 'form': 'json', 'limit': '500', 'offset': '10500'}",12bc67d99e5bc748d68a2575147e9fea1a31f1f52b67a911a46fd390fcff2419,378078,200,2026-06-03T16:25:01Z
iati_dportal,data/raw/iati_dportal/page_0022_offset11000_20260603T162502Z.json,http://d-portal.org/q?from=act&country_code=NP&form=json&limit=500&offset=11000,"{'from': 'act', 'country_code': 'NP', 'form': 'json', 'limit': '500', 'offset': '11000'}",dc54764de687a87bdb63fc135dc11c3658b65c6565c0a3654234cda6478c7da6,530466,200,2026-06-03T16:25:02Z
iati_dportal,data/raw/iati_dportal/page_0023_offset11500_20260603T162503Z.json,http://d-portal.org/q?from=act&country_code=NP&form=json&limit=500&offset=11500,"{'from': 'act', 'country_code': 'NP', 'form': 'json', 'limit': '500', 'offset': '11500'}",66503256c45ab1f2411b98099b624180fe8cfb93bd452ed8b4b161ed1cce0d39,432372,200,2026-06-03T16:25:03Z
iati_dportal,data/raw/iati_dportal/all_activities_merged_20260603T162503Z.json,http://d-portal.org/q?from=act&country_code=NP,total=11982,ba77e0ad35888cef5de0bf457698c87c10979b02f8c759ff160153cd9d13970f,12032924,200,2026-06-03T16:25:03Z
iati_dportal,data/raw/iati_dportal/page_0000_offset0_20260603T162517Z.json,http://d-portal.org/q?from=act&country_code=NP&form=json&limit=500&offset=0,"{'from': 'act', 'country_code': 'NP', 'form': 'json', 'limit': '500', 'offset': '0'}",a4e2fe0091814037ec318b223234e2a9635f6d7ef376c64e4f38fef5a913b85a,445632,200,2026-06-03T16:25:17Z
iati_dportal,data/raw/iati_dportal/page_0001_offset500_20260603T162518Z.json,http://d-portal.org/q?from=act&country_code=NP&form=json&limit=500&offset=500,"{'from': 'act', 'country_code': 'NP', 'form': 'json', 'limit': '500', 'offset': '500'}",5c733e444e87529a68dd04efeecc49c9ab2d0a806b771abd36cb87711ad3b97d,445636,200,2026-06-03T16:25:18Z
iati_dportal,data/raw/iati_dportal/page_0002_offset1000_20260603T162519Z.json,http://d-portal.org/q?from=act&country_code=NP&form=json&limit=500&offset=1000,"{'from': 'act', 'country_code': 'NP', 'form': 'json', 'limit': '500', 'offset': '1000'}",0e8ddeb8e8289cb09d0d33e4a4b044081f0a973c5f65ae1acc0b26a885879790,375504,200,2026-06-03T16:25:19Z
iati_dportal,data/raw/iati_dportal/page_0003_offset1500_20260603T162521Z.json,http://d-portal.org/q?from=act&country_code=NP&form=json&limit=500&offset=1500,"{'from': 'act', 'country_code': 'NP', 'form': 'json', 'limit': '500', 'offset': '1500'}",becc51c758a7a788c58500192945ccc6f87dc313fdeda316eacb3af199fce693,506986,200,2026-06-03T16:25:21Z
iati_dportal,data/raw/iati_dportal/page_0004_offset2000_20260603T162522Z.json,http://d-portal.org/q?from=act&country_code=NP&form=json&limit=500&offset=2000,"{'from': 'act', 'country_code': 'NP', 'form': 'json', 'limit': '500', 'offset': '2000'}",d42b020a5c5700ea1d4c9c634aa7911c49cda85b2cddfddcde2bae0bf36dc775,589364,200,2026-06-03T16:25:22Z
iati_dportal,data/raw/iati_dportal/page_0005_offset2500_20260603T162523Z.json,http://d-portal.org/q?from=act&country_code=NP&form=json&limit=500&offset=2500,"{'from': 'act', 'country_code': 'NP', 'form': 'json', 'limit': '500', 'offset': '2500'}",7958f186de1e58ed97afb10a0c977262c0872dd4db222a6be9afc857040d18a8,352108,200,2026-06-03T16:25:23Z
iati_dportal,data/raw/iati_dportal/page_0006_offset3000_20260603T162524Z.json,http://d-portal.org/q?from=act&country_code=NP&form=json&limit=500&offset=3000,"{'from': 'act', 'country_code': 'NP', 'form': 'json', 'limit': '500', 'offset': '3000'}",9315e568d8e8d48d21c9b8a5b5aff29a2e4ae9a7bc08ca1b4e08b13721a4638d,471809,200,2026-06-03T16:25:24Z
iati_dportal,data/raw/iati_dportal/page_0007_offset3500_20260603T162525Z.json,http://d-portal.org/q?from=act&country_code=NP&form=json&limit=500&offset=3500,"{'from': 'act', 'country_code': 'NP', 'form': 'json', 'limit': '500', 'offset': '3500'}",24da6367ced785780276570b5029237ef0f9c35a7ba104eff1550b23ab2fb7bd,489110,200,2026-06-03T16:25:25Z
iati_dportal,data/raw/iati_dportal/page_0008_offset4000_20260603T162526Z.json,http://d-portal.org/q?from=act&country_code=NP&form=json&limit=500&offset=4000,"{'from': 'act', 'country_code': 'NP', 'form': 'json', 'limit': '500', 'offset': '4000'}",2bbc87ac4e3e2324508afab965e5b9f22e7856843df3b011556725dc99213bda,433273,200,2026-06-03T16:25:26Z
iati_dportal,data/raw/iati_dportal/page_0009_offset4500_20260603T162527Z.json,http://d-portal.org/q?from=act&country_code=NP&form=json&limit=500&offset=4500,"{'from': 'act', 'country_code': 'NP', 'form': 'json', 'limit': '500', 'offset': '4500'}",e0e3f1d9b3f3853e8393d8d904d1e10b5a32daef31adedef943ccd71a3a04858,593820,200,2026-06-03T16:25:27Z
iati_dportal,data/raw/iati_dportal/page_0010_offset5000_20260603T162528Z.json,http://d-portal.org/q?from=act&country_code=NP&form=json&limit=500&offset=5000,"{'from': 'act', 'country_code': 'NP', 'form': 'json', 'limit': '500', 'offset': '5000'}",03f2cd94c938ebf3aade57bbe67175336746ffe1f19468c4155a5076c5108122,475302,200,2026-06-03T16:25:28Z
iati_dportal,data/raw/iati_dportal/page_0011_offset5500_20260603T162528Z.json,http://d-portal.org/q?from=act&country_code=NP&form=json&limit=500&offset=5500,"{'from': 'act', 'country_code': 'NP', 'form': 'json', 'limit': '500', 'offset': '5500'}",36eb1d760f8060ecb2db6062a707bedca8d410d5e7cc7ae299cc9e9440a27b48,509101,200,2026-06-03T16:25:28Z
iati_dportal,data/raw/iati_dportal/page_0012_offset6000_20260603T162529Z.json,http://d-portal.org/q?from=act&country_code=NP&form=json&limit=500&offset=6000,"{'from': 'act', 'country_code': 'NP', 'form': 'json', 'limit': '500', 'offset': '6000'}",8ed9c1f440c26b28d59a20a49c60ecfb395709d23c2cd02a0694d9059ed5c5ff,447358,200,2026-06-03T16:25:29Z
iati_dportal,data/raw/iati_dportal/page_0013_offset6500_20260603T162530Z.json,http://d-portal.org/q?from=act&country_code=NP&form=json&limit=500&offset=6500,"{'from': 'act', 'country_code': 'NP', 'form': 'json', 'limit': '500', 'offset': '6500'}",9d537021b4fabf5f5f41c5f697af24c498c9fb59d52cb820d0c31650c84b4a8c,556713,200,2026-06-03T16:25:30Z
iati_dportal,data/raw/iati_dportal/page_0014_offset7000_20260603T162531Z.json,http://d-portal.org/q?from=act&country_code=NP&form=json&limit=500&offset=7000,"{'from': 'act', 'country_code': 'NP', 'form': 'json', 'limit': '500', 'offset': '7000'}",5e7b36f281381dbecd1367a2c79bdf183cd4c8a2e38d1ec2c1424311e01b3aff,603288,200,2026-06-03T16:25:31Z
iati_dportal,data/raw/iati_dportal/page_0015_offset7500_20260603T162532Z.json,http://d-portal.org/q?from=act&country_code=NP&form=json&limit=500&offset=7500,"{'from': 'act', 'country_code': 'NP', 'form': 'json', 'limit': '500', 'offset': '7500'}",2b7f0f5877757fdf31fd0225d564bb7847e16284ade788652d4b9f1857ab38a4,488897,200,2026-06-03T16:25:32Z
iati_dportal,data/raw/iati_dportal/page_0016_offset8000_20260603T162532Z.json,http://d-portal.org/q?from=act&country_code=NP&form=json&limit=500&offset=8000,"{'from': 'act', 'country_code': 'NP', 'form': 'json', 'limit': '500', 'offset': '8000'}",e43fd18caf354de061ab0fa839961a96878ae470a985a258dbf749bcbc87871e,390611,200,2026-06-03T16:25:32Z
iati_dportal,data/raw/iati_dportal/page_0017_offset8500_20260603T162533Z.json,http://d-portal.org/q?from=act&country_code=NP&form=json&limit=500&offset=8500,"{'from': 'act', 'country_code': 'NP', 'form': 'json', 'limit': '500', 'offset': '8500'}",4a5ac486715490e20459eab309df2de6e6cb04bf9490d69e6f3546e110deffb9,462269,200,2026-06-03T16:25:33Z
iati_dportal,data/raw/iati_dportal/page_0018_offset9000_20260603T162536Z.json,http://d-portal.org/q?from=act&country_code=NP&form=json&limit=500&offset=9000,"{'from': 'act', 'country_code': 'NP', 'form': 'json', 'limit': '500', 'offset': '9000'}",d13e79de8e54dce7838fff37e7167b30534fd7755ddba7d8ac3a04e688b047b7,495738,200,2026-06-03T16:25:36Z
iati_dportal,data/raw/iati_dportal/page_0019_offset9500_20260603T162537Z.json,http://d-portal.org/q?from=act&country_code=NP&form=json&limit=500&offset=9500,"{'from': 'act', 'country_code': 'NP', 'form': 'json', 'limit': '500', 'offset': '9500'}",a6af0c4b284fbee1d5ec56aab14052510fe2ef7e06bb4e33302da497b060b75c,588231,200,2026-06-03T16:25:37Z
iati_dportal,data/raw/iati_dportal/page_0020_offset10000_20260603T162538Z.json,http://d-portal.org/q?from=act&country_code=NP&form=json&limit=500&offset=10000,"{'from': 'act', 'country_code': 'NP', 'form': 'json', 'limit': '500', 'offset': '10000'}",3c23b0994a3d3aecf4b40099026534d6c1f3ae46d8368cfc1ef00d80fad07f7b,519464,200,2026-06-03T16:25:38Z
iati_dportal,data/raw/iati_dportal/page_0021_offset10500_20260603T162539Z.json,http://d-portal.org/q?from=act&country_code=NP&form=json&limit=500&offset=10500,"{'from': 'act', 'country_code': 'NP', 'form': 'json', 'limit': '500', 'offset': '10500'}",12bc67d99e5bc748d68a2575147e9fea1a31f1f52b67a911a46fd390fcff2419,378078,200,2026-06-03T16:25:39Z
iati_dportal,data/raw/iati_dportal/page_0022_offset11000_20260603T162541Z.json,http://d-portal.org/q?from=act&country_code=NP&form=json&limit=500&offset=11000,"{'from': 'act', 'country_code': 'NP', 'form': 'json', 'limit': '500', 'offset': '11000'}",1be1fec8f3371a7c744b2320b0dbf32ae5b657bcb7ded3938ba03950fe8bcbdd,530466,200,2026-06-03T16:25:41Z
iati_dportal,data/raw/iati_dportal/page_0023_offset11500_20260603T162542Z.json,http://d-portal.org/q?from=act&country_code=NP&form=json&limit=500&offset=11500,"{'from': 'act', 'country_code': 'NP', 'form': 'json', 'limit': '500', 'offset': '11500'}",9cb312a4960ef1c5fd20f2f5399fb40e5aba9e665264e3c57775992af0acce57,432372,200,2026-06-03T16:25:42Z
iati_dportal,data/raw/iati_dportal/all_activities_merged_20260603T162543Z.json,http://d-portal.org/q?from=act&country_code=NP,total=11982,ba77e0ad35888cef5de0bf457698c87c10979b02f8c759ff160153cd9d13970f,12032924,200,2026-06-03T16:25:43Z
nepal_dcr,data/raw/nepal_dcr/DCR_2022_23_20260603T164048Z.pdf,https://giwmscdntwo.gov.np/media/pdf_upload/DCR%20Report%202022_23_pt2fped.pdf,IECCD Development Cooperation Report 2022/23,3408fce4f2574dfb697838b6e3479266ab28851153b94ba82222963aee23e504,8085055,200,2026-06-03T16:40:48Z
nepal_dcr,data/raw/nepal_dcr/DCR_2022_23_pdftotext_layout_20260603T164048Z.txt,https://giwmscdntwo.gov.np/media/pdf_upload/DCR%20Report%202022_23_pt2fped.pdf,pdftotext -layout,e3e374464477d6d775add1af69343162beb70692524b367b493ac7a87511b2a6,398259,200,2026-06-03T16:40:48Z
oecd_crs,data/raw/oecd_crs/crs_NPL_2015_20260603T163341Z.csv,"https://sdmx.oecd.org/dcd-public/rest/data/OECD.DCD.FSD,DSD_CRS@DF_CRS,/.NPL..._T._T..._T..?startPeriod=2015&endPeriod=2015&dimensionAtObservation=AllDimensions","recipient=NPL; CHANNEL=_T; MODALITY=_T; MD_DIM=_T; measures=all; flow=C,D; price=V,Q",e9c16075cae8d629645ffb2ff86f2c78170d4249bbfa771dd4afffe2478a1c80,8223089,200,2026-06-03T17:02:23Z
oecd_crs,data/raw/oecd_crs/crs_NPL_2016_20260603T163341Z.csv,"https://sdmx.oecd.org/dcd-public/rest/data/OECD.DCD.FSD,DSD_CRS@DF_CRS,/.NPL..._T._T..._T..?startPeriod=2016&endPeriod=2016&dimensionAtObservation=AllDimensions","recipient=NPL; CHANNEL=_T; MODALITY=_T; MD_DIM=_T; measures=all; flow=C,D; price=V,Q",22ff5288a42997df43d2d3535a24e05a1a0b16e4c31bf5276e366f2cd30edce1,7475472,200,2026-06-03T17:02:23Z
oecd_crs,data/raw/oecd_crs/crs_NPL_2017_20260603T163341Z.csv,"https://sdmx.oecd.org/dcd-public/rest/data/OECD.DCD.FSD,DSD_CRS@DF_CRS,/.NPL..._T._T..._T..?startPeriod=2017&endPeriod=2017&dimensionAtObservation=AllDimensions","recipient=NPL; CHANNEL=_T; MODALITY=_T; MD_DIM=_T; measures=all; flow=C,D; price=V,Q",066ea642495184f4b92c66153dc2954c67c15ae8e2388e7e1cc56b27c7610d15,8141644,200,2026-06-03T17:02:23Z
oecd_crs,data/raw/oecd_crs/crs_NPL_2018_20260603T163342Z.csv,"https://sdmx.oecd.org/dcd-public/rest/data/OECD.DCD.FSD,DSD_CRS@DF_CRS,/.NPL..._T._T..._T..?startPeriod=2018&endPeriod=2018&dimensionAtObservation=AllDimensions","recipient=NPL; CHANNEL=_T; MODALITY=_T; MD_DIM=_T; measures=all; flow=C,D; price=V,Q",215ed2791875f27547595404d554e740b83efd3534adaeb20c8f4023897d196b,8271438,200,2026-06-03T17:02:23Z
oecd_crs,data/raw/oecd_crs/crs_NPL_2019_20260603T163342Z.csv,"https://sdmx.oecd.org/dcd-public/rest/data/OECD.DCD.FSD,DSD_CRS@DF_CRS,/.NPL..._T._T..._T..?startPeriod=2019&endPeriod=2019&dimensionAtObservation=AllDimensions","recipient=NPL; CHANNEL=_T; MODALITY=_T; MD_DIM=_T; measures=all; flow=C,D; price=V,Q",0de004dadc19e9534db09f75cf0622e2e2571ab5699623c045010bdf5e1424de,8707082,200,2026-06-03T17:02:23Z
oecd_crs,data/raw/oecd_crs/crs_NPL_2020_20260603T163342Z.csv,"https://sdmx.oecd.org/dcd-public/rest/data/OECD.DCD.FSD,DSD_CRS@DF_CRS,/.NPL..._T._T..._T..?startPeriod=2020&endPeriod=2020&dimensionAtObservation=AllDimensions","recipient=NPL; CHANNEL=_T; MODALITY=_T; MD_DIM=_T; measures=all; flow=C,D; price=V,Q",fb548ca63fe0a59ec85a117891b36fcc16e37e74b2fe29619e8f7ff34b2cf377,8638004,200,2026-06-03T17:02:23Z
oecd_crs,data/raw/oecd_crs/crs_NPL_2021_FRESHFETCH.csv,"https://sdmx.oecd.org/dcd-public/rest/data/OECD.DCD.FSD,DSD_CRS@DF_CRS,/.NPL..._T._T..._T..?startPeriod=2021&endPeriod=2021&dimensionAtObservation=AllDimensions","recipient=NPL; CHANNEL=_T; MODALITY=_T; MD_DIM=_T; measures=all; flow=C,D; price=V,Q",3898fedeb2e6644f0e30310a052cdd73113cd144dd2a2bc87f5b035a283c603e,8714618,200,2026-06-03T17:02:23Z
oecd_crs,data/raw/oecd_crs/crs_NPL_2022_FRESHFETCH.csv,"https://sdmx.oecd.org/dcd-public/rest/data/OECD.DCD.FSD,DSD_CRS@DF_CRS,/.NPL..._T._T..._T..?startPeriod=2022&endPeriod=2022&dimensionAtObservation=AllDimensions","recipient=NPL; CHANNEL=_T; MODALITY=_T; MD_DIM=_T; measures=all; flow=C,D; price=V,Q",6f68425c9f1a7bd774bfb3b2b26326e48cc1521390294f83b64deca7af267d76,8991808,200,2026-06-03T17:02:23Z
oecd_crs,data/raw/oecd_crs/crs_NPL_2023_20260603T163421Z.csv,"https://sdmx.oecd.org/dcd-public/rest/data/OECD.DCD.FSD,DSD_CRS@DF_CRS,/.NPL..._T._T..._T..?startPeriod=2023&endPeriod=2023&dimensionAtObservation=AllDimensions","recipient=NPL; CHANNEL=_T; MODALITY=_T; MD_DIM=_T; measures=all; flow=C,D; price=V,Q",59125061e4871bcd47dc0374169d30deec2b506e790aafaa9ef44dca4dea058a,8773943,200,2026-06-03T17:02:23Z
oecd_crs,data/raw/oecd_crs/crs_NPL_2024_FRESHFETCH.csv,"https://sdmx.oecd.org/dcd-public/rest/data/OECD.DCD.FSD,DSD_CRS@DF_CRS,/.NPL..._T._T..._T..?startPeriod=2024&endPeriod=2024&dimensionAtObservation=AllDimensions","recipient=NPL; CHANNEL=_T; MODALITY=_T; MD_DIM=_T; measures=all; flow=C,D; price=V,Q",bf37b3db82dec84a6012907298f21a9db2d3ee5d211095723ce7b0336de4520c,9179314,200,2026-06-03T17:02:23Z
oecd_dac2a,data/raw/oecd_dac2a/dac2a_NPL_2015-2024_20260603T161033Z.csv,"https://sdmx.oecd.org/public/rest/data/OECD.DCD.FSD,DSD_DAC2@DF_DAC2A,/.NPL...?startPeriod=2015&endPeriod=2024&dimensionAtObservation=AllDimensions","recipient=NPL; measures=all; price=V,Q",42ac94090396e6619a581df58eb5c0085b69d7c741e1202bd9eb015a7a87af19,3110400,200,2026-06-03T16:10:33Z
oecd_dac2a,data/raw/oecd_dac2a/dac2a_NPL_2015-2024_20260603T161528Z.csv,"https://sdmx.oecd.org/public/rest/data/OECD.DCD.FSD,DSD_DAC2@DF_DAC2A,/.NPL...?startPeriod=2015&endPeriod=2024&dimensionAtObservation=AllDimensions","recipient=NPL; measures=all; price=V,Q",42ac94090396e6619a581df58eb5c0085b69d7c741e1202bd9eb015a7a87af19,3110400,200,2026-06-03T16:15:28Z
us_fa,data/raw/us_fa/data-raw_2025-02-03_zip_metadata_20260603T162521Z.txt,https://www.dropbox.com/scl/fi/btzeaaq84wdpahb7c033g/data-raw_2025-02-03.zip?rlkey=atqpr633ayy4ya9p428vi6lon&dl=1,complete; all countries; snapshot 2025-02-03,e3ce9d150da40ba1878fba2aef7a6ae43c0ff8f5db6c5d4016e69891c1041443,216,200,2026-06-03T16:25:21Z
us_fa,data/raw/us_fa/nepal_filtered_20260603T162531Z.csv,https://foreignassistance.gov/data,country=Nepal(NPL); from data-raw_2025-02-03.zip,3343d4f4aa24e0d1cee7b34f3e1da722c6bef889615d7bf579d3ffec128f7f9b,37936139,200,2026-06-03T16:25:31Z
us_fa,data/raw/us_fa/data-raw_2025-02-03_zip_metadata_20260603T162639Z.txt,https://www.dropbox.com/scl/fi/btzeaaq84wdpahb7c033g/data-raw_2025-02-03.zip?rlkey=atqpr633ayy4ya9p428vi6lon&dl=1,complete; all countries; snapshot 2025-02-03,e3ce9d150da40ba1878fba2aef7a6ae43c0ff8f5db6c5d4016e69891c1041443,216,200,2026-06-03T16:26:39Z
us_fa,data/raw/us_fa/nepal_filtered_20260603T162649Z.csv,https://foreignassistance.gov/data,country=Nepal(NPL); from data-raw_2025-02-03.zip,3343d4f4aa24e0d1cee7b34f3e1da722c6bef889615d7bf579d3ffec128f7f9b,37936139,200,2026-06-03T16:26:49Z
wb_indicators,data/raw/wb_indicators/DT.ODA.ODAT.CD_NPL_20260603T161029Z.json,https://api.worldbank.org/v2/country/NPL/indicator/DT.ODA.ODAT.CD?format=json&date=2015:2024&per_page=100,"{'format': 'json', 'date': '2015:2024', 'per_page': '100'}",065c3689914ef0ffe915d5e6feb9ae8404f69eabbdbba5c6654680a9d50d169e,2539,200,2026-06-03T16:10:29Z
wb_projects,data/raw/wb_projects/projects_NP_page01_os0_20260603T162309Z.json,https://search.worldbank.org/api/v3/projects?format=json&countrycode_exact=NP&rows=500&os=0,"{'format': 'json', 'countrycode_exact': 'NP', 'rows': 500, 'os': 0}",2a0aa26bc67b0d77a2fd48e6f5ee3d28b21dd7c162e803f2a93ff2c90c221472,438549,200,2026-06-03T16:23:09Z
wb_projects,data/raw/wb_projects/projects_NP_ALL_20260603T162309Z.json,https://search.worldbank.org/api/v3/projects?format=json&countrycode_exact=NP&rows=500,all pages combined,2a0aa26bc67b0d77a2fd48e6f5ee3d28b21dd7c162e803f2a93ff2c90c221472,438549,200,2026-06-03T16:23:09Z
